Coin,Performance
SNX,7.018503662189559
LINK,-2.1140270859022827
WBTC,-15.14720722559958
